책이름,저자,역자,출판일,페이지수,정가,할인가,적립마일리지
하루 한 장 초등과학 365,치바 가즈요시 ," 허영은 , 유우종 (감수) ",2021-12-14,416 쪽,"19,800","17,820",990점 (5%)
"다시, 배우다",폴 김 ,x,2021-12-10,304 쪽,"16,000","14,400",800점 (5%)
당당한 디자인 결정을 위한 9가지 방법,톰 그리버 ," 김민성 , 곽서희 ",2021-12-10,376 쪽,"22,000","19,800","1,100점 (5%)"
365 부모 말하기 연습 일력(스프링북),"박재연 , 공인영 ",x,2021-12-01,384 쪽,"18,000","16,200",900점 (5%)
공학도를 위한 수치해석(8판),"Steven C.Chapra , Raymond P. Canale "," 나양 , 이승배 , 임윤철 ",2021-11-30,600 쪽,"36,000","36,000","1,080점 (3%)"
엑셀 매크로&VBA 업무 공략집,최준선 ,x,2021-11-30,328 쪽,"22,000","19,800","1,100점 (5%)"
데이터 과학자 되는 법,"에밀리 로빈슨 , 재클린 놀리스 ", 이창화 ,2021-11-26,372 쪽,"24,000","21,600","1,200점 (5%)"
돈 되는 기획,김도균 ,x,2021-11-26,240 쪽,"14,500","13,050",725점 (5%)
빠르게 찾아 바로 적용하는 엑셀 에센스 사전 100,한은숙 ,x,2021-11-25,300 쪽,"18,000","16,200",900점 (5%)
초등 어휘력이 공부력이다,박명선 ,x,2021-11-25,412 쪽,"18,000","16,200",900점 (5%)
만화로 배우는 의학의 역사(개정판),"장 노엘 파비아니 , 필리프 베르코비치 , 김모 , 조한나 ",x,2021-11-15,296 쪽,"20,800","18,720","1,040점 (5%)"
"스토리텔링 우동이즘의 잘 팔리는 웹툰, 웹소설 이야기 만들기",우동이즘(이동우) ,x,2021-11-15,232 쪽,"16,000","14,400",800점 (5%)
중학교 입학 가이드,배혜림 ,x,2021-11-11,376 쪽,"16,500","14,850",825점 (5%)
보고서 작성 실무 강의(개정판),홍장표 ,x,2021-11-08,400 쪽,"18,000","16,200",900점 (5%)
비겁한 돈,"황현희 , 제갈현열 ",x,2021-11-08,248 쪽,"16,000","14,400",800점 (5%)
나도 영문 손글씨 잘 쓰면 소원이 없겠네,윤정희(리제 캘리그라피) ,x,2021-11-05,240 쪽,"16,800","15,120",840점 (5%)
구글 BERT의 정석,수다르산 라비찬디란 ," 전희원 , 정승환 , 김형준 ",2021-11-03,368 쪽,"34,000","30,600","1,700점 (5%)"
1000개 숨은그림찾기 몬스터 : 찾아도 찾아도 끝판왕,김확실 ,x,2021-11-02,96 쪽,"8,000","7,200",400점 (5%)
1000개 숨은그림찾기 보물찾기 : 찾아도 찾아도 끝판왕,전진희 ,x,2021-11-02,96 쪽,"8,000","7,200",400점 (5%)
1000개 숨은그림찾기 탈것 : 찾아도 찾아도 끝판왕,이한이 ,x,2021-11-02,96 쪽,"8,000","7,200",400점 (5%)
UX/UI 디자이너를 위한 실무 피그마,클레어 정 ,x,2021-11-01,352 쪽,"24,000","21,600","1,200점 (5%)"
머신러닝 디자인 패턴,"발리아파 락슈마난 , 세라 로빈슨 , 마이클 먼 "," 맹윤호 , 임지순 ",2021-11-01,460 쪽,"38,000","34,200","1,900점 (5%)"
소프트웨어 아키텍처 101,"마크 리처즈 , 닐 포드 ", 이일웅 ,2021-11-01,472 쪽,"32,000","28,800","1,600점 (5%)"
혼자 공부하는 SQL,우재남 ,x,2021-11-01,444 쪽,"24,000","21,600","1,200점 (5%)"
"IT CookBook, 그림으로 배우고 실생활 예제로 실습하는 자바를 부탁해",박세홍(홍팍) ,x,2021-10-29,556 쪽,"26,000","26,000",780점 (3%)
온톨로지 과학자를 위한 지식그래프,"딘 알레망 , 제임스 핸들러 , 파비엔 갠던 ", 김학래 ,2021-10-29,544 쪽,"45,000","45,000","1,350점 (3%)"
똑똑한 두뇌 연습 : 놀이공원 미로찾기,권나영 ,x,2021-10-28,76 쪽,"7,500","6,750",375점 (5%)
한 권으로 다지는 머신러닝&딥러닝 with 파이썬,"알베르토 아르타산체스 , 프라틱 조시 ", 여인춘 ,2021-10-21,680 쪽,"40,000","36,000","2,000점 (5%)"
"IT CookBook, 시스템 프로그래밍: 리눅스&유닉스",이종원 ,x,2021-10-15,552 쪽,"28,000","28,000",840점 (3%)
살아 움직이는 머신러닝 파이프라인 설계,"하네스 하프케 , 캐서린 넬슨 ", 송호연 ,2021-10-11,416 쪽,"32,000","28,800","1,600점 (5%)"
그로킹 심층 강화학습,미겔 모랄레스 , 강찬석 ,2021-10-10,500 쪽,"35,000","31,500","1,750점 (5%)"
시험장에 몰래 가져갈  이경오의 SQL+SQLD 비밀노트,이경오 ,x,2021-10-10,556 쪽,"32,000","28,800","1,600점 (5%)"
1000개 숨은그림찾기 바다 동물,이한이 ,x,2021-10-08,96 쪽,"8,000","7,200",400점 (5%)
1000개 숨은그림찾기 아이스크림,김확실 ,x,2021-10-08,96 쪽,"8,000","7,200",400점 (5%)
심리 읽어드립니다,"김경일 , 사피엔스 스튜디오 ",x,2021-10-08,332 쪽,"17,500","15,750",875점 (5%)
한번에 적용하는 분석,히든그레이스 데이터분석팀 ,x,2021-10-08,356 쪽,"24,000","24,000",720점 (3%)
탐험! 숲체험 생물 도감,이치니치 잇슈 , 박현숙 ,2021-10-06,132 쪽,"13,000","11,700",650점 (5%)
깍두기 가계부 2022,쓰담여사 ,x,2021-10-01,192 쪽,"14,800","13,320",740점 (5%)
미국 주식으로 시작하는 슬기로운 퀀트투자,"김용환 , Yubin Kim ",x,2021-09-30,416 쪽,"32,000","28,800","1,600점 (5%)"
제대로 배우는 수학적 최적화,우메타니 슌지 , 김모세 ,2021-09-30,424 쪽,"38,000","34,200","1,900점 (5%)"
"1년에 5,000만 원 버는 수익 확장 노하우 네이버 블로그로 돈 벌기",김동석 ,x,2021-09-28,312 쪽,"16,000","14,400",800점 (5%)
디자인 1등 유튜버 존코바의 클릭을 유도하는 유튜브 디자인 with 포토샵,존코바(이요한) ,x,2021-09-27,348 쪽,"19,800","17,820",990점 (5%)
핸즈온 해킹,"매슈 히키 , 제니퍼 아커리 ", 류광 ,2021-09-27,776 쪽,"45,000","40,500","2,250점 (5%)"
정리 잘하는 사람은 이렇게 합니다,고메다 마리나 , 박연정 ,2021-09-17,208 쪽,"15,000","13,500",750점 (5%)
두 발로 선 경제,이용우 ,x,2021-09-10,468 쪽,"23,000","20,700","1,150점 (5%)"
인공지능 논리 입문,이은정 ,x,2021-09-10,260 쪽,"22,000","22,000",660점 (3%)
머신러닝 파워드 애플리케이션,에마뉘엘 아메장 , 박해선 ,2021-09-06,304 쪽,"27,000","24,300","1,350점 (5%)"
유튜브 마케팅 인사이트,서양수 ,x,2021-09-03,280 쪽,"16,500","14,850",825점 (5%)
웹 브라우저 속 머신러닝 TensorFlow.js,카이 사사키 , 유수연 ,2021-09-01,312 쪽,"25,000","22,500","1,250점 (5%)"
"IT CookBook, 처음 만나는 전기기기(2판)","최은혁 , 박숭규 ",x,2021-08-31,328 쪽,"24,000","24,000",720점 (3%)
모바일 UX/UI 디자인 강의 with Adobe XD,김영삼 ,x,2021-08-30,404 쪽,"26,000","23,400","1,300점 (5%)"
인문학 거저보기 : 서양철학 편,지하늘 ,x,2021-08-30,380 쪽,"18,500","16,650",925점 (5%)
처음 배우는 플라스크 웹 프로그래밍,윤정현 ,x,2021-08-30,260 쪽,"19,800","17,820",990점 (5%)
"IT CookBook, 현대 센서공학(5판)",Jacob Fraden ," 김윤 , 김혁 , 박동욱 ",2021-08-27,688 쪽,"35,000","35,000","1,050점 (3%)"
방구석 심리학 실험실,마이클 A. 브릿 , 류초롱 ,2021-08-25,388 쪽,"18,000","16,200",900점 (5%)
"IT CookBook, 모바일 웹 서비스 구현을 위한 JSP 웹 프로그래밍","김현규 , 박유현 ",x,2021-08-23,660 쪽,"30,000","30,000",900점 (3%)
혼자서도 척척 접는 종이접기,신구 후미아키 ,x,2021-08-23,96 쪽,"9,800","8,820",490점 (5%)
혼자서도 척척 접는 종이접기 2권 세트,신구 후미아키 ,x,2021-08-23,192 쪽,"15,000","13,500",750점 (5%)
혼자서도 척척 접는 종이접기 플러스,신구 후미아키 ,x,2021-08-23,96 쪽,"9,800","8,820",490점 (5%)
스파크를 이용한 자연어 처리,앨릭스 토머스 , 이창현 ,2021-08-20,440 쪽,"34,000","30,600","1,700점 (5%)"
어른을 위한 두뇌 놀이 책,개러스 무어 박사 ,x,2021-08-20,112 쪽,"9,900","8,910",495점 (5%)
클라우드 네이티브를 위한 데이터 센터 네트워크 구축,디네시 G. 더트 , 정기훈 ,2021-08-20,564 쪽,"36,000","32,400","1,800점 (5%)"
감으로만 일하던 김 팀장은 어떻게 데이터 좀 아는 팀장이 되었나,"황보현우 , 김철수 ",x,2021-08-16,336 쪽,"17,800","16,020",890점 (5%)
미래조직을 위한 조직설계의 이해(4판),"현선해 , 최세경 , 서문교 ",x,2021-08-13,292 쪽,"22,000","22,000",660점 (3%)
쉽게 배우고 익히는 회계원리(4판),"정용기 , 김선미 , 임영제 , 신영직 , 유지선 ",x,2021-08-13,568 쪽,"30,000","30,000",900점 (3%)
쉽게 배우고 익히는 회계원리[객관식/학습문제 해답](4판),"정용기 , 김선미 , 임영제 , 신영직 , 유지선 ",x,2021-08-13,160 쪽,"7,000","7,000",210점 (3%)
fastai와 파이토치가 만나 꽃피운 딥러닝,"제러미 하워드 , 실뱅 거거 "," 박찬성 , 김지은 ",2021-08-10,720 쪽,"44,000","39,600","2,200점 (5%)"
"IT CookBook, 짧고 굵게 배우는 JSP 웹 프로그래밍과 스프링 프레임워크",황희정 ,x,2021-08-09,472 쪽,"27,000","27,000",810점 (3%)
스케치업 & V-Ray 트레이닝 북(개정판),강석창 ,x,2021-08-09,496 쪽,"28,000","25,200","1,400점 (5%)"
생각과 말로 글을 늘리는 초등 10분 글쓰기,강근영 ,x,2021-08-07,324 쪽,"15,800","14,220",790점 (5%)
데이터베이스 시스템(7판),"Abraham Silberschatz , Henry F. Korth , S. Sudarshan "," 정연돈 , 권준호 , 김종욱 , 서영균 , 이동호 ",2021-08-05,1248 쪽,"45,000","45,000","1,350점 (3%)"
만들면서 배우는 파이토치 딥러닝,오가와 유타로 , 박광수(아크몬드) ,2021-08-05,544 쪽,"40,000","36,000","2,000점 (5%)"
눈 떠보니 선진국,박태웅 ,x,2021-08-01,228 쪽,"16,500","14,850",825점 (5%)
실리콘밸리 리더십,마이클 롭 , 김정혜 ,2021-08-01,368 쪽,"22,000","19,800","1,100점 (5%)"
처음 시작하는 마이크로서비스,"로니 미트라 , 이라클리 나다레이슈빌리 ",x,2021-08-01,344 쪽,"27,000","24,300","1,350점 (5%)"
텐서플로 라이트를 활용한 안드로이드 딥러닝,임태규 ,x,2021-08-01,368 쪽,"27,000","24,300","1,350점 (5%)"
회사에서 바로 통하는  오토캐드 AutoCAD 2022,심미현 ,x,2021-07-28,664 쪽,"28,000","25,200","1,400점 (5%)"
5리터의 피,로즈 조지 , 김정아 ,2021-07-27,492 쪽,"25,000","22,500","1,250점 (5%)"
미국주식 스팩투자법,리차드(이명진) ,x,2021-07-26,280 쪽,"18,500","16,650",925점 (5%)
재미있고 빠른 숫자 쓰기 1권 : 0부터 50까지,한빛학습연구회 ,x,2021-07-26,88 쪽,"7,500","6,750",375점 (5%)
재미있고 빠른 숫자 쓰기 2권 : 0부터 100까지,한빛학습연구회 ,x,2021-07-26,96 쪽,"7,500","6,750",375점 (5%)
재미있고 빠른 알파벳 쓰기,한빛학습연구회 ,x,2021-07-26,88 쪽,"7,500","6,750",375점 (5%)
비즈니스 애널리틱스,"Sanjiv Jaggia , Alison Kelly , Kevin Lertwachara , Leida Chen "," 장혜정 , 이상규 , 오세환 , 변종복 ",2021-07-20,704 쪽,"38,000","38,000","1,140점 (3%)"
이기적이라 살아남았습니다,이마이즈미 다다아키 ," 김지연 , 이정모(감수) ",2021-07-20,176 쪽,"13,800","12,420",690점 (5%)
스벨트 앤 새퍼 인 액션,마크 볼크먼 , 박수현 ,2021-07-19,580 쪽,"38,000","34,200","1,900점 (5%)"
"STEM CookBook, 문제 해결력을 키우는 정역학",오충석 ,x,2021-07-16,460 쪽,"30,000","30,000",900점 (3%)
최신 관리회계,"정재권 , 서한결 , 곽종민 ",x,2021-07-10,460 쪽,"28,000","28,000",840점 (3%)
리눅스 입문자를 위한 명령어 사전,"가와구치 히로시 , 다야 후미히코 , 미사와 아키라 ", 서수환 ,2021-07-07,456 쪽,"32,000","28,800","1,600점 (5%)"
파타고니아 이야기,이본 쉬나드 , 추선영 ,2021-07-07,584 쪽,"55,000","49,500","2,750점 (5%)"
"풀스택 서버리스 :  리액트, AWS, 그래프QL을 이용한 최신 애플리케이션 개발",네이더 다빗 , 김범준 ,2021-07-05,216 쪽,"21,000","18,900","1,050점 (5%)"
한 권으로 배우는 작고 예쁜 꽃자수,장미나(미나랜드) ,x,2021-07-05,240 쪽,"18,000","16,200",900점 (5%)
"IT CookBook, 처음 만나는 회로이론(2판)",방성완 ,x,2021-07-02,400 쪽,"23,000","23,000",690점 (3%)
안전필수 시스템 제어 설계,"김국헌 , 김태효 , 이성섭 ",x,2021-07-02,488 쪽,"38,000","38,000","1,140점 (3%)"
데이터 스토리,낸시 두아르테 ," 권혜정 , 윤영진(감수) ",2021-07-01,240 쪽,"22,000","19,800","1,100점 (5%)"
러닝 리액트(2판),"알렉스 뱅크스 , 이브 포셀로 ", 오현석 ,2021-07-01,396 쪽,"28,000","25,200","1,400점 (5%)"
상식의 재구성,조선희 ,x,2021-07-01,560 쪽,"22,000","19,800","1,100점 (5%)"
업무에 바로 쓰는 SQL 튜닝,양바른 ,x,2021-07-01,296 쪽,"22,000","19,800","1,100점 (5%)"
"IT CookBook, C로 배우는 쉬운 자료구조(4판)",이지영 ,x,2021-06-30,624 쪽,"29,000","29,000",870점 (3%)
"IT CookBook, 디지털 콘텐츠 기획(2판)",김성은 ,x,2021-06-30,548 쪽,"30,000","30,000",900점 (3%)
"IT CookBook, 쉽게 배우는 소프트웨어 공학(2판)",김치수 ,x,2021-06-30,560 쪽,"30,000","30,000",900점 (3%)
"IT CookBook, 컴퓨터 구조와 원리 3.0",신종홍 ,x,2021-06-30,580 쪽,"29,000","29,000",870점 (3%)
찾아도 찾아도 끝판왕 1000개 숨은그림찾기 숲속 놀이터,클레어 스탬퍼 ,x,2021-06-30,96 쪽,"8,000","7,200",400점 (5%)
찾아도 찾아도 끝판왕 1000개 숨은그림찾기 우리 동네,자나 컬 ,x,2021-06-30,96 쪽,"8,000","7,200",400점 (5%)
처음 배우는 네트워크 보안,장상근(맥스) ,x,2021-06-30,324 쪽,"28,000","25,200","1,400점 (5%)"
"IT CookBook, 난생처음 파이썬 프로그래밍","우재남 , 최민아 ",x,2021-06-28,428 쪽,"24,000","24,000",720점 (3%)
"IT CookBook, 정보 보안 개론(4판)",양대일 ,x,2021-06-28,568 쪽,"30,000","30,000",900점 (3%)
"IT CookBook, 최신 기술 동향으로 알아보는 ICT와 4차 산업혁명","김용태 , 정윤수 , 박길철 ",x,2021-06-28,472 쪽,"24,000","24,000",720점 (3%)
"STEM CookBook, 한 걸음씩 알아가는 선형대수학",Kuldeep Singh , 한빛수학교재연구소 ,2021-06-28,580 쪽,"32,000","32,000",960점 (3%)
"STEM CookBook, 해석학 첫걸음",스티븐 애벗(Stephen Abbott) ," 한빛수학교재연구소 , 김세익(감수) ",2021-06-28,384 쪽,"26,000","26,000",780점 (3%)
초보 판매자가 빅파워셀러로 거듭나는 네이버 스마트스토어 마케팅 시작하기,정진수 ,x,2021-06-28,252 쪽,"17,800","16,020",890점 (5%)
게임세대 내 아이와 소통하는 법,이장주 ,x,2021-06-25,272 쪽,"16,000","14,400",800점 (5%)
세상에서 제일 친절한 엑셀(개정판),박재영 ,x,2021-06-25,364 쪽,"18,000","16,200",900점 (5%)
"IT CookBook, 익스플로링 아두이노(2판)",JEREMY BLUM , 허경용 ,2021-06-21,480 쪽,"32,000","32,000",960점 (3%)
고개를 끄덕이는 것만으로도 위로가 되니까,문지애 ,x,2021-06-21,248 쪽,"15,000","13,500",750점 (5%)
"IT CookBook, 난생처음 인공지능 입문",서지영 ,x,2021-06-18,428 쪽,"25,000","25,000",750점 (3%)
제대로 작성하는 논문 : 시작부터 마무리까지,"노경섭 , 김정욱 ",x,2021-06-14,288 쪽,"20,000","20,000",600점 (3%)
회사에서 바로 통하는 실무 엑셀 함수&수식 - 모든 버전용,"김경자 , 송선영 ",x,2021-06-11,448 쪽,"24,000","21,600","1,200점 (5%)"
수학이 외계어처럼 들리는 이공계생을 위한 제로 수학,"김우섭(소동) , 강민범 ",x,2021-06-10,416 쪽,"22,000","22,000",660점 (3%)
지리의 쓸모,전국지리교사모임 ,x,2021-06-10,360 쪽,"18,800","16,920",940점 (5%)
"STEM CookBook, 기초 선형대수학(2판)","이광연 , 설한국 , 김진수 ",x,2021-06-07,440 쪽,"26,000","26,000",780점 (3%)
"STEM CookBook, 이공계생을 위한 확률과 통계(2판)","안승철 , 이광연 , 박기섭 ",x,2021-06-07,448 쪽,"25,000","25,000",750점 (3%)
개발자에서 아키텍트로,마이클 킬링 , 김영재 ,2021-06-07,392 쪽,"27,000","24,300","1,350점 (5%)"
머신러닝을 활용한 웹 최적화,이쓰카 슈헤이 , 김연수 ,2021-06-07,340 쪽,"34,000","30,600","1,700점 (5%)"
파이썬으로 살펴보는 아키텍처 패턴,"해리 퍼시벌 , 밥 그레고리 ", 오현석 ,2021-06-03,356 쪽,"32,000","28,800","1,600점 (5%)"
NGINX 쿡북,데릭 디용기 , 노승헌 ,2021-06-01,236 쪽,"20,000","18,000","1,000점 (5%)"
리얼 국내여행 [2021~2022년 최신판],배나영 ,x,2021-06-01,428 쪽,"18,000","16,200",900점 (5%)
리얼 제주 [2021~2022년 최신판],"김태연(제주레이) , 양정임(제주규리) ",x,2021-06-01,352 쪽,"17,000","15,300",850점 (5%)
린 AI,로밋 파텔 ," 박기석 , 최은정 ",2021-06-01,260 쪽,"18,000","16,200",900점 (5%)
지금 당장 회계공부 시작하라(전면개정판),"강대준 , 신홍철 ",x,2021-06-01,424 쪽,"19,800","17,820",990점 (5%)
파이토치로 배우는 자연어 처리,"델립 라오 , 브라이언 맥머핸 ", 박해선 ,2021-06-01,296 쪽,"26,000","23,400","1,300점 (5%)"
"IT CookBook,  문제해결을 위한 컴퓨팅 사고와 파이썬",김지연 ,x,2021-05-31,432 쪽,"24,000","24,000",720점 (3%)
보고서 발표 실무 강의 - 잘 쓰고 제대로 전달하는 보고의 기술,채종서 ,x,2021-05-31,232 쪽,"18,000","16,200",900점 (5%)
만화로 배우는 서양사 중세 3,"올리비에 보비노 , 파스칼 마냐 ", 이정은 ,2021-05-28,168 쪽,"18,500","16,650",925점 (5%)
소문난 명강의 : 오준석의 플러터 생존코딩(개정판),오준석 ,x,2021-05-28,340 쪽,"28,000","25,200","1,400점 (5%)"
"IT CookBook, 컴퓨터 활용과 실습 2019","김경희 , 김혜란 ",x,2021-05-24,572 쪽,"25,000","25,000",750점 (3%)
재미있고 빠른 첫 한글 쓰기 2권 : 가나다 글자,한빛학습연구회 ,x,2021-05-20,80 쪽,"6,500","5,850",325점 (5%)
재미있고 빠른 첫 한글 준비 선 긋기 2권 : 글자 모양 따라 긋기,한빛학습연구회 ,x,2021-05-20,64 쪽,"6,000","5,400",300점 (5%)
테슬라 웨이,미카엘 발랑탱 , 오웅석 ,2021-05-20,268 쪽,"17,500","15,750",875점 (5%)
모던 자바스크립트 핵심 가이드,알베르토 몬탈레시 ," 임지순 , 권영재 ",2021-05-14,284 쪽,"19,800","17,820",990점 (5%)
고성능 파이썬(2판),"미샤 고렐릭 , 이안 오스발트 ", 오현석 ,2021-05-10,528 쪽,"36,000","32,400","1,800점 (5%)"
"데이터가 뛰어노는 AI 놀이터, 캐글","가도와키 다이스케 , 사카타 류지 , 호사카 게이스케 , 히라마쓰 유지 ", 대니얼WJ ,2021-05-10,428 쪽,"35,000","31,500","1,750점 (5%)"
데이터 과학을 위한 통계(2판),"피터 브루스 , 앤드루 브루스 , 피터 게데크 ", 이준용 ,2021-05-07,380 쪽,"34,000","30,600","1,700점 (5%)"
"일잘러의 비밀, 구글 스프레드시트 제대로 파헤치기",강남석 ,x,2021-05-07,492 쪽,"28,000","25,200","1,400점 (5%)"
부동산 세금 사용설명서,"김성일 , 우승일(감리) ",x,2021-05-03,208 쪽,"12,000","10,800",600점 (5%)
소문난 명강의 : 김상형의 SQL 정복,김상형 ,x,2021-05-01,708 쪽,"39,000","35,100","1,950점 (5%)"
이벤트 기반 마이크로서비스 구축,애덤 벨메어 , 이일웅 ,2021-05-01,380 쪽,"28,000","25,200","1,400점 (5%)"
파이썬 비동기 라이브러리 Asyncio,케일럽 해팅 , 동동구 ,2021-05-01,176 쪽,"18,000","16,200",900점 (5%)
한 권으로 끝내는 Node & Express(2판),이선 브라운 , 한선용 ,2021-05-01,448 쪽,"28,000","25,200","1,400점 (5%)"
나는 독이 되는 관계를 끝내기로 했다,마리옹 블리크 , 조민영 ,2021-04-30,332 쪽,"15,500","13,950",775점 (5%)
맛있는 디자인 어도비 XD CC,임선주 ,x,2021-04-30,364 쪽,"24,000","21,600","1,200점 (5%)"
엑셀 데이터 분석 바이블,최준선 ,x,2021-04-30,712 쪽,"38,000","34,200","1,900점 (5%)"
읽는 순간 웃음이 팡! 낱말 퍼즐의 신,"한빛학습연구회 , 네모펜스튜디오(그림) ",x,2021-04-30,120 쪽,"9,800","8,820",490점 (5%)
읽는 순간 웃음이 팡! 속담의 신,"한빛학습연구회 , 네모펜스튜디오(그림) ",x,2021-04-30,152 쪽,"11,000","9,900",550점 (5%)
읽는 순간 웃음이 팡! 수수께끼의 신,"한빛학습연구회 , 네모펜스튜디오(그림) ",x,2021-04-30,152 쪽,"11,000","9,900",550점 (5%)
쿼커스 쿡북,"알렉스 소토 부에노 , 제이슨 포터 ", 유동환 ,2021-04-28,460 쪽,"35,000","31,500","1,750점 (5%)"
1년 후 내가 이 세상에 없다면,시미즈 켄 , 박소영 ,2021-04-23,200 쪽,"13,800","12,420",690점 (5%)
중세 1 : 만화로 배우는 서양사,"플로리앙 마젤 , 뱅상 소렐(그림) ", 이하임 ,2021-04-23,168 쪽,"18,500","16,650",925점 (5%)
중세 2 : 만화로 배우는 서양사,"파니 마들린 , 다니엘 카사나브(그림) ", 김수영 ,2021-04-23,168 쪽,"18,500","16,650",925점 (5%)
누워서 읽는 통계학,"와쿠이 요시유키 , 와쿠이 사다미 ", 권기태 ,2021-04-09,388 쪽,"19,800","19,800",594점 (3%)
실전 시계열 분석,에일린 닐슨 , 박찬성 ,2021-04-09,568 쪽,"38,000","34,200","1,900점 (5%)"
우리가 시를 처음 쓴다면 그건 분명 윤동주일 거야: 『하늘과 바람과 별과 시』 필사,"윤동주 , 유한빈(펜크래프트) , 콰야 ",x,2021-04-05,196 쪽,"13,800","12,420",690점 (5%)
젠더 모자이크,"다프나 조엘 , 루바 비칸스키 ", 김혜림 ,2021-04-05,264 쪽,"16,500","14,850",825점 (5%)
나 아직 안 죽었다,김재완 ,x,2021-04-02,232 쪽,"14,500","13,050",725점 (5%)
스파크를 활용한 실시간 처리,"제러드 마스 , 프랑수아 가릴로 ", 김인범 ,2021-04-02,472 쪽,"38,000","34,200","1,900점 (5%)"
게임 엔진 블랙 북 : 둠,파비앙 상글라르 , 박재호 ,2021-04-01,472 쪽,"42,000","37,800","2,100점 (5%)"
만만한 통계 : R 활용,"닐 J. 샐카인드 , 레슬리 A. 쇼 ", 김재경 ,2021-04-01,500 쪽,"28,000","28,000",840점 (3%)
러닝 SQL,앨런 볼리외 ," 류수미 , 송희정 ",2021-03-30,456 쪽,"30,000","27,000","1,500점 (5%)"
이야기로 배우는 구글 빅쿼리,"구도 마사토 , 스즈키 다쓰히코 , 우에노야마 아키라 , 다카기 도모하루 ", 정인식 ,2021-03-30,256 쪽,"20,000","18,000","1,000점 (5%)"
저는 심리학이 처음인데요(개정판),강현식 ,x,2021-03-30,454 쪽,"18,000","16,200",900점 (5%)
저는 인문학이 처음인데요(개정판),박홍순 ,x,2021-03-30,478 쪽,"18,000","16,200",900점 (5%)
쓰면서 익히는 알고리즘과 자료구조,윤대석 ,x,2021-03-29,388 쪽,"26,000","23,400","1,300점 (5%)"
오늘부터 달리기를 합니다,이진이(지니코치) ,x,2021-03-25,152 쪽,"14,800","13,320",740점 (5%)
찾아도 찾아도 끝판왕 집중력 미로찾기 101,매튜 스캇 ,x,2021-03-25,104 쪽,"8,000","7,200",400점 (5%)
찾아도 찾아도 끝판왕 창의력 미로찾기 101,록리지 프레스 ,x,2021-03-25,104 쪽,"8,000","7,200",400점 (5%)
몽고DB 완벽 가이드(3판),"크리스티나 초도로우 , 섀넌 브래드쇼 , 오언 브라질 ", 김인범 ,2021-03-22,600 쪽,"36,000","32,400","1,800점 (5%)"
어린이를 위한 초등 자기주도 공부법×배움공책,"이은경 , 이성종 ",x,2021-03-20,188 쪽,"14,800","13,320",740점 (5%)
기술의 시대,"브래드 스미스 , 캐럴 앤 브라운 ", 이지연 ,2021-03-15,544 쪽,"25,000","22,500","1,250점 (5%)"
맛있는 디자인 프리미어 프로 CC 2021,"정지원 , 심수진 , 윤성우 , 김덕영 ",x,2021-03-12,484 쪽,"24,000","21,600","1,200점 (5%)"
GAN 첫걸음,타리크 라시드 , 고락윤 ,2021-03-10,280 쪽,"25,000","22,500","1,250점 (5%)"
디노 첫걸음,페르난도 돌리오 , 우정은 ,2021-03-10,160 쪽,"17,000","15,300",850점 (5%)
맛있는 디자인 일러스트레이터 CC 2021,빨간고래(박정아) ,x,2021-03-09,504 쪽,"24,000","21,600","1,200점 (5%)"
4차 산업혁명 시대를 위한 e-비즈니스 개론(4판),이동훈 ,x,2021-03-07,512 쪽,"27,000","27,000",810점 (3%)
사실은 사랑받고 싶었어,"박재연 , 박성혜(그림) ",x,2021-03-05,244 쪽,"14,800","13,320",740점 (5%)
한글처럼 쉬운 중국어,"김원재 , 강은주 ",x,2021-03-05,156 쪽,"18,000","18,000",540점 (3%)
회계원리,"이기호 , 이정엽 , 전홍준 ",x,2021-03-05,332 쪽,"23,000","23,000",690점 (3%)
대한민국 부동산 미래지도,김학렬(빠숑) ,x,2021-03-04,704 쪽,"33,500","30,150","1,675점 (5%)"
맛있는 디자인 애프터 이펙트 CC 2021,이수정 ,x,2021-03-03,500 쪽,"24,000","21,600","1,200점 (5%)"
맛있는 디자인 포토샵 CC 2021,"윤이사라(포완카) , 김신애 ",x,2021-03-03,448 쪽,"21,000","18,900","1,050점 (5%)"
상위 1% 아이가 하고 있는 서울대 아빠식 문해력 독서법,"이재익 , 김훈종 ",x,2021-03-02,388 쪽,"16,800","15,120",840점 (5%)
이것이 안드로이드다 with 코틀린(개정판),고돈호 ,x,2021-03-02,768 쪽,"34,000","30,600","1,700점 (5%)"
친절한 딥러닝 수학,다테이시 겐고 , 김형민 ,2021-03-02,356 쪽,"28,000","25,200","1,400점 (5%)"
누구 먼저 살려야 할까,제이콥 M. 애펠 , 김정아 ,2021-02-28,396 쪽,"17,800","16,020",890점 (5%)
모션 그래픽&영상 디자인 강의 with 애프터 이펙트(10년차 디자이너에게 1:1로 배우는),장유민 ,x,2021-02-25,344 쪽,"26,000","23,400","1,300점 (5%)"
알기쉬운 회계원리의 기초(3판),"김혁 , 윤승준 , 이원강 ",x,2021-02-25,404 쪽,"26,000","26,000",780점 (3%)
최신 원가회계,"정재권 , 서한결 , 곽종민 ",x,2021-02-25,444 쪽,"28,000","28,000",840점 (3%)
"IT CookBook, C 언어 일취월장(2판)",신윤환 ,x,2021-02-24,800 쪽,"28,000","28,000",840점 (3%)
소비자행동,김학윤 ,x,2021-02-23,660 쪽,"35,000","35,000","1,050점 (3%)"
재미있고 빠른 어휘력 동화 – 두근두근 이 마음은 뭘까,"김세실 , 김도윤(그림) ",x,2021-02-20,104 쪽,"12,000","10,800",600점 (5%)
재미있고 빠른 어휘력 동화 – 키득키득 재밌는 의성어 의태어,"김예실 , 김희선(그림) ",x,2021-02-20,104 쪽,"12,000","10,800",600점 (5%)
웹 애플리케이션 보안,앤드루 호프먼 , 최용 ,2021-02-19,372 쪽,"30,000","27,000","1,500점 (5%)"
